<?xml version="1.0" encoding="UTF-8"?>
<!DOCTYPE mapper PUBLIC "-//mybatis.org//DTD Mapper 3.0//EN" "http://mybatis.org/dtd/mybatis-3-mapper.dtd">
<mapper namespace="pers.qyj.graduationpr.mapper.OrderMapper">
  <resultMap id="BaseResultMap" type="pers.qyj.graduationpr.pojo.Order">
    <!--
      WARNING - @mbg.generated
      This element is automatically generated by MyBatis Generator, do not modify.
    -->
    <id column="id" jdbcType="INTEGER" property="id" />
    <result column="sign" jdbcType="VARCHAR" property="sign" />
    <result column="trade_status" jdbcType="INTEGER" property="tradeStatus" />
    <result column="pay_status" jdbcType="INTEGER" property="payStatus" />
    <result column="user_name" jdbcType="VARCHAR" property="userName" />
    <result column="user_phone" jdbcType="VARCHAR" property="userPhone" />
    <result column="user_email" jdbcType="VARCHAR" property="userEmail" />
    <result column="partiality" jdbcType="VARCHAR" property="partiality" />
    <result column="invoice_type" jdbcType="INTEGER" property="invoiceType" />
    <result column="invoice_group" jdbcType="INTEGER" property="invoiceGroup" />
    <result column="invoice_title" jdbcType="VARCHAR" property="invoiceTitle" />
    <result column="payment" jdbcType="INTEGER" property="payment" />
    <result column="date" jdbcType="TIMESTAMP" property="date" />
  </resultMap>
  <sql id="Example_Where_Clause">
    <!--
      WARNING - @mbg.generated
      This element is automatically generated by MyBatis Generator, do not modify.
    -->
    <where>
      <foreach collection="oredCriteria" item="criteria" separator="or">
        <if test="criteria.valid">
          <trim prefix="(" prefixOverrides="and" suffix=")">
            <foreach collection="criteria.criteria" item="criterion">
              <choose>
                <when test="criterion.noValue">
                  and ${criterion.condition}
                </when>
                <when test="criterion.singleValue">
                  and ${criterion.condition} #{criterion.value}
                </when>
                <when test="criterion.betweenValue">
                  and ${criterion.condition} #{criterion.value} and #{criterion.secondValue}
                </when>
                <when test="criterion.listValue">
                  and ${criterion.condition}
                  <foreach close=")" collection="criterion.value" item="listItem" open="(" separator=",">
                    #{listItem}
                  </foreach>
                </when>
              </choose>
            </foreach>
          </trim>
        </if>
      </foreach>
    </where>
  </sql>
  <sql id="Base_Column_List">
    <!--
      WARNING - @mbg.generated
      This element is automatically generated by MyBatis Generator, do not modify.
    -->
    id, sign, trade_status, pay_status, user_name, user_phone, user_email, partiality, 
    invoice_type, invoice_group, invoice_title, payment, date
  </sql>
  <select id="selectByExample" parameterType="pers.qyj.graduationpr.pojo.OrderExample" resultMap="BaseResultMap">
    <!--
      WARNING - @mbg.generated
      This element is automatically generated by MyBatis Generator, do not modify.
    -->
    select
    <if test="distinct">
      distinct
    </if>
    'false' as QUERYID,
    <include refid="Base_Column_List" />
    from orders
    <if test="_parameter != null">
      <include refid="Example_Where_Clause" />
    </if>
    <if test="orderByClause != null">
      order by ${orderByClause}
    </if>
  </select>
  <select id="selectByPrimaryKey" parameterType="java.lang.Integer" resultMap="BaseResultMap">
    <!--
      WARNING - @mbg.generated
      This element is automatically generated by MyBatis Generator, do not modify.
    -->
    select 
    <include refid="Base_Column_List" />
    from orders
    where id = #{id,jdbcType=INTEGER}
  </select>
  <delete id="deleteByPrimaryKey" parameterType="java.lang.Integer">
    <!--
      WARNING - @mbg.generated
      This element is automatically generated by MyBatis Generator, do not modify.
    -->
    delete from orders
    where id = #{id,jdbcType=INTEGER}
  </delete>
  <insert id="insert" keyColumn="id" keyProperty="id" parameterType="pers.qyj.graduationpr.pojo.Order" useGeneratedKeys="true">
    <!--
      WARNING - @mbg.generated
      This element is automatically generated by MyBatis Generator, do not modify.
    -->
    insert into orders (sign, trade_status, pay_status, 
      user_name, user_phone, user_email, 
      partiality, invoice_type, invoice_group, 
      invoice_title, payment, date
      )
    values (#{sign,jdbcType=VARCHAR}, #{tradeStatus,jdbcType=INTEGER}, #{payStatus,jdbcType=INTEGER}, 
      #{userName,jdbcType=VARCHAR}, #{userPhone,jdbcType=VARCHAR}, #{userEmail,jdbcType=VARCHAR}, 
      #{partiality,jdbcType=VARCHAR}, #{invoiceType,jdbcType=INTEGER}, #{invoiceGroup,jdbcType=INTEGER}, 
      #{invoiceTitle,jdbcType=VARCHAR}, #{payment,jdbcType=INTEGER}, #{date,jdbcType=TIMESTAMP}
      )
  </insert>
  <insert id="insertSelective" keyColumn="id" keyProperty="id" parameterType="pers.qyj.graduationpr.pojo.Order" useGeneratedKeys="true">
    <!--
      WARNING - @mbg.generated
      This element is automatically generated by MyBatis Generator, do not modify.
    -->
    insert into orders
    <trim prefix="(" suffix=")" suffixOverrides=",">
      <if test="sign != null">
        sign,
      </if>
      <if test="tradeStatus != null">
        trade_status,
      </if>
      <if test="payStatus != null">
        pay_status,
      </if>
      <if test="userName != null">
        user_name,
      </if>
      <if test="userPhone != null">
        user_phone,
      </if>
      <if test="userEmail != null">
        user_email,
      </if>
      <if test="partiality != null">
        partiality,
      </if>
      <if test="invoiceType != null">
        invoice_type,
      </if>
      <if test="invoiceGroup != null">
        invoice_group,
      </if>
      <if test="invoiceTitle != null">
        invoice_title,
      </if>
      <if test="payment != null">
        payment,
      </if>
      <if test="date != null">
        date,
      </if>
    </trim>
    <trim prefix="values (" suffix=")" suffixOverrides=",">
      <if test="sign != null">
        #{sign,jdbcType=VARCHAR},
      </if>
      <if test="tradeStatus != null">
        #{tradeStatus,jdbcType=INTEGER},
      </if>
      <if test="payStatus != null">
        #{payStatus,jdbcType=INTEGER},
      </if>
      <if test="userName != null">
        #{userName,jdbcType=VARCHAR},
      </if>
      <if test="userPhone != null">
        #{userPhone,jdbcType=VARCHAR},
      </if>
      <if test="userEmail != null">
        #{userEmail,jdbcType=VARCHAR},
      </if>
      <if test="partiality != null">
        #{partiality,jdbcType=VARCHAR},
      </if>
      <if test="invoiceType != null">
        #{invoiceType,jdbcType=INTEGER},
      </if>
      <if test="invoiceGroup != null">
        #{invoiceGroup,jdbcType=INTEGER},
      </if>
      <if test="invoiceTitle != null">
        #{invoiceTitle,jdbcType=VARCHAR},
      </if>
      <if test="payment != null">
        #{payment,jdbcType=INTEGER},
      </if>
      <if test="date != null">
        #{date,jdbcType=TIMESTAMP},
      </if>
    </trim>
  </insert>
  <update id="updateByPrimaryKeySelective" parameterType="pers.qyj.graduationpr.pojo.Order">
    <!--
      WARNING - @mbg.generated
      This element is automatically generated by MyBatis Generator, do not modify.
    -->
    update orders
    <set>
      <if test="sign != null">
        sign = #{sign,jdbcType=VARCHAR},
      </if>
      <if test="tradeStatus != null">
        trade_status = #{tradeStatus,jdbcType=INTEGER},
      </if>
      <if test="payStatus != null">
        pay_status = #{payStatus,jdbcType=INTEGER},
      </if>
      <if test="userName != null">
        user_name = #{userName,jdbcType=VARCHAR},
      </if>
      <if test="userPhone != null">
        user_phone = #{userPhone,jdbcType=VARCHAR},
      </if>
      <if test="userEmail != null">
        user_email = #{userEmail,jdbcType=VARCHAR},
      </if>
      <if test="partiality != null">
        partiality = #{partiality,jdbcType=VARCHAR},
      </if>
      <if test="invoiceType != null">
        invoice_type = #{invoiceType,jdbcType=INTEGER},
      </if>
      <if test="invoiceGroup != null">
        invoice_group = #{invoiceGroup,jdbcType=INTEGER},
      </if>
      <if test="invoiceTitle != null">
        invoice_title = #{invoiceTitle,jdbcType=VARCHAR},
      </if>
      <if test="payment != null">
        payment = #{payment,jdbcType=INTEGER},
      </if>
      <if test="date != null">
        date = #{date,jdbcType=TIMESTAMP},
      </if>
    </set>
    where id = #{id,jdbcType=INTEGER}
  </update>
  <update id="updateByPrimaryKey" parameterType="pers.qyj.graduationpr.pojo.Order">
    <!--
      WARNING - @mbg.generated
      This element is automatically generated by MyBatis Generator, do not modify.
    -->
    update orders
    set sign = #{sign,jdbcType=VARCHAR},
      trade_status = #{tradeStatus,jdbcType=INTEGER},
      pay_status = #{payStatus,jdbcType=INTEGER},
      user_name = #{userName,jdbcType=VARCHAR},
      user_phone = #{userPhone,jdbcType=VARCHAR},
      user_email = #{userEmail,jdbcType=VARCHAR},
      partiality = #{partiality,jdbcType=VARCHAR},
      invoice_type = #{invoiceType,jdbcType=INTEGER},
      invoice_group = #{invoiceGroup,jdbcType=INTEGER},
      invoice_title = #{invoiceTitle,jdbcType=VARCHAR},
      payment = #{payment,jdbcType=INTEGER},
      date = #{date,jdbcType=TIMESTAMP}
    where id = #{id,jdbcType=INTEGER}
  </update>
</mapper>