<?xml version="1.0" encoding="UTF-8"?>
<!DOCTYPE mapper PUBLIC "-//mybatis.org//DTD Mapper 3.0//EN" "http://mybatis.org/dtd/mybatis-3-mapper.dtd">
<mapper namespace="pers.qyj.graduationpr.mapper.RoomtypeMapper">
  <resultMap id="BaseResultMap" type="pers.qyj.graduationpr.pojo.Roomtype">
    <!--
      WARNING - @mbg.generated
      This element is automatically generated by MyBatis Generator, do not modify.
    -->
    <id column="name" jdbcType="VARCHAR" property="name" />
    <result column="bedtype" jdbcType="VARCHAR" property="bedtype" />
    <result column="people" jdbcType="INTEGER" property="people" />
    <result column="size" jdbcType="VARCHAR" property="size" />
    <result column="price" jdbcType="INTEGER" property="price" />
    <result column="imgurl" jdbcType="VARCHAR" property="imgurl" />
    <result column="desc_" jdbcType="VARCHAR" property="desc" />
  </resultMap>
  <sql id="Example_Where_Clause">
    <!--
      WARNING - @mbg.generated
      This element is automatically generated by MyBatis Generator, do not modify.
    -->
    <where>
      <foreach collection="oredCriteria" item="criteria" separator="or">
        <if test="criteria.valid">
          <trim prefix="(" prefixOverrides="and" suffix=")">
            <foreach collection="criteria.criteria" item="criterion">
              <choose>
                <when test="criterion.noValue">
                  and ${criterion.condition}
                </when>
                <when test="criterion.singleValue">
                  and ${criterion.condition} #{criterion.value}
                </when>
                <when test="criterion.betweenValue">
                  and ${criterion.condition} #{criterion.value} and #{criterion.secondValue}
                </when>
                <when test="criterion.listValue">
                  and ${criterion.condition}
                  <foreach close=")" collection="criterion.value" item="listItem" open="(" separator=",">
                    #{listItem}
                  </foreach>
                </when>
              </choose>
            </foreach>
          </trim>
        </if>
      </foreach>
    </where>
  </sql>
  <sql id="Base_Column_List">
    <!--
      WARNING - @mbg.generated
      This element is automatically generated by MyBatis Generator, do not modify.
    -->
    name, bedtype, people, size, price, imgurl, desc_
  </sql>
  <select id="selectByExample" parameterType="pers.qyj.graduationpr.pojo.RoomtypeExample" resultMap="BaseResultMap">
    <!--
      WARNING - @mbg.generated
      This element is automatically generated by MyBatis Generator, do not modify.
    -->
    select
    <if test="distinct">
      distinct
    </if>
    'false' as QUERYID,
    <include refid="Base_Column_List" />
    from roomtype
    <if test="_parameter != null">
      <include refid="Example_Where_Clause" />
    </if>
    <if test="orderByClause != null">
      order by ${orderByClause}
    </if>
  </select>
  <select id="selectByPrimaryKey" parameterType="java.lang.String" resultMap="BaseResultMap">
    <!--
      WARNING - @mbg.generated
      This element is automatically generated by MyBatis Generator, do not modify.
    -->
    select 
    <include refid="Base_Column_List" />
    from roomtype
    where name = #{name,jdbcType=VARCHAR}
  </select>
  <delete id="deleteByPrimaryKey" parameterType="java.lang.String">
    <!--
      WARNING - @mbg.generated
      This element is automatically generated by MyBatis Generator, do not modify.
    -->
    delete from roomtype
    where name = #{name,jdbcType=VARCHAR}
  </delete>
  <insert id="insert" keyColumn="name" keyProperty="name" parameterType="pers.qyj.graduationpr.pojo.Roomtype" useGeneratedKeys="true">
    <!--
      WARNING - @mbg.generated
      This element is automatically generated by MyBatis Generator, do not modify.
    -->
    insert into roomtype (bedtype, people, size, 
      price, imgurl, desc_
      )
    values (#{bedtype,jdbcType=VARCHAR}, #{people,jdbcType=INTEGER}, #{size,jdbcType=VARCHAR}, 
      #{price,jdbcType=INTEGER}, #{imgurl,jdbcType=VARCHAR}, #{desc,jdbcType=VARCHAR}
      )
  </insert>
  <insert id="insertSelective" keyColumn="name" keyProperty="name" parameterType="pers.qyj.graduationpr.pojo.Roomtype" useGeneratedKeys="true">
    <!--
      WARNING - @mbg.generated
      This element is automatically generated by MyBatis Generator, do not modify.
    -->
    insert into roomtype
    <trim prefix="(" suffix=")" suffixOverrides=",">
      <if test="bedtype != null">
        bedtype,
      </if>
      <if test="people != null">
        people,
      </if>
      <if test="size != null">
        size,
      </if>
      <if test="price != null">
        price,
      </if>
      <if test="imgurl != null">
        imgurl,
      </if>
      <if test="desc != null">
        desc_,
      </if>
    </trim>
    <trim prefix="values (" suffix=")" suffixOverrides=",">
      <if test="bedtype != null">
        #{bedtype,jdbcType=VARCHAR},
      </if>
      <if test="people != null">
        #{people,jdbcType=INTEGER},
      </if>
      <if test="size != null">
        #{size,jdbcType=VARCHAR},
      </if>
      <if test="price != null">
        #{price,jdbcType=INTEGER},
      </if>
      <if test="imgurl != null">
        #{imgurl,jdbcType=VARCHAR},
      </if>
      <if test="desc != null">
        #{desc,jdbcType=VARCHAR},
      </if>
    </trim>
  </insert>
  <update id="updateByPrimaryKeySelective" parameterType="pers.qyj.graduationpr.pojo.Roomtype">
    <!--
      WARNING - @mbg.generated
      This element is automatically generated by MyBatis Generator, do not modify.
    -->
    update roomtype
    <set>
      <if test="bedtype != null">
        bedtype = #{bedtype,jdbcType=VARCHAR},
      </if>
      <if test="people != null">
        people = #{people,jdbcType=INTEGER},
      </if>
      <if test="size != null">
        size = #{size,jdbcType=VARCHAR},
      </if>
      <if test="price != null">
        price = #{price,jdbcType=INTEGER},
      </if>
      <if test="imgurl != null">
        imgurl = #{imgurl,jdbcType=VARCHAR},
      </if>
      <if test="desc != null">
        desc_ = #{desc,jdbcType=VARCHAR},
      </if>
    </set>
    where name = #{name,jdbcType=VARCHAR}
  </update>
  <update id="updateByPrimaryKey" parameterType="pers.qyj.graduationpr.pojo.Roomtype">
    <!--
      WARNING - @mbg.generated
      This element is automatically generated by MyBatis Generator, do not modify.
    -->
    update roomtype
    set bedtype = #{bedtype,jdbcType=VARCHAR},
      people = #{people,jdbcType=INTEGER},
      size = #{size,jdbcType=VARCHAR},
      price = #{price,jdbcType=INTEGER},
      imgurl = #{imgurl,jdbcType=VARCHAR},
      desc_ = #{desc,jdbcType=VARCHAR}
    where name = #{name,jdbcType=VARCHAR}
  </update>
</mapper>