<?xml version="1.0" encoding="UTF-8"?>
<!DOCTYPE mapper PUBLIC "-//mybatis.org//DTD Mapper 3.0//EN" "http://mybatis.org/dtd/mybatis-3-mapper.dtd">
<mapper namespace="pers.qyj.graduationpr.mapper.ShoppingCartMapper">
  <resultMap id="BaseResultMap" type="pers.qyj.graduationpr.pojo.ShoppingCart">
    <!--
      WARNING - @mbg.generated
      This element is automatically generated by MyBatis Generator, do not modify.
    -->
    <id column="id" jdbcType="INTEGER" property="id" />
    <result column="uid" jdbcType="BIGINT" property="uid" />
    <result column="rid" jdbcType="INTEGER" property="rid" />
    <result column="arrival_date" jdbcType="TIMESTAMP" property="arrivalDate" />
    <result column="depature_date" jdbcType="TIMESTAMP" property="depatureDate" />
    <result column="number" jdbcType="INTEGER" property="number" />
    <result column="checked" jdbcType="BIT" property="checked" />
  </resultMap>
  <sql id="Example_Where_Clause">
    <!--
      WARNING - @mbg.generated
      This element is automatically generated by MyBatis Generator, do not modify.
    -->
    <where>
      <foreach collection="oredCriteria" item="criteria" separator="or">
        <if test="criteria.valid">
          <trim prefix="(" prefixOverrides="and" suffix=")">
            <foreach collection="criteria.criteria" item="criterion">
              <choose>
                <when test="criterion.noValue">
                  and ${criterion.condition}
                </when>
                <when test="criterion.singleValue">
                  and ${criterion.condition} #{criterion.value}
                </when>
                <when test="criterion.betweenValue">
                  and ${criterion.condition} #{criterion.value} and #{criterion.secondValue}
                </when>
                <when test="criterion.listValue">
                  and ${criterion.condition}
                  <foreach close=")" collection="criterion.value" item="listItem" open="(" separator=",">
                    #{listItem}
                  </foreach>
                </when>
              </choose>
            </foreach>
          </trim>
        </if>
      </foreach>
    </where>
  </sql>
  <sql id="Base_Column_List">
    <!--
      WARNING - @mbg.generated
      This element is automatically generated by MyBatis Generator, do not modify.
    -->
    id, uid, rid, arrival_date, depature_date, number, checked
  </sql>
  <select id="selectByExample" parameterType="pers.qyj.graduationpr.pojo.ShoppingCartExample" resultMap="BaseResultMap">
    <!--
      WARNING - @mbg.generated
      This element is automatically generated by MyBatis Generator, do not modify.
    -->
    select
    <if test="distinct">
      distinct
    </if>
    'false' as QUERYID,
    <include refid="Base_Column_List" />
    from shoppingcart
    <if test="_parameter != null">
      <include refid="Example_Where_Clause" />
    </if>
    <if test="orderByClause != null">
      order by ${orderByClause}
    </if>
  </select>
  <select id="selectByPrimaryKey" parameterType="java.lang.Integer" resultMap="BaseResultMap">
    <!--
      WARNING - @mbg.generated
      This element is automatically generated by MyBatis Generator, do not modify.
    -->
    select 
    <include refid="Base_Column_List" />
    from shoppingcart
    where id = #{id,jdbcType=INTEGER}
  </select>
  <delete id="deleteByPrimaryKey" parameterType="java.lang.Integer">
    <!--
      WARNING - @mbg.generated
      This element is automatically generated by MyBatis Generator, do not modify.
    -->
    delete from shoppingcart
    where id = #{id,jdbcType=INTEGER}
  </delete>
  <insert id="insert" keyColumn="id" keyProperty="id" parameterType="pers.qyj.graduationpr.pojo.ShoppingCart" useGeneratedKeys="true">
    <!--
      WARNING - @mbg.generated
      This element is automatically generated by MyBatis Generator, do not modify.
    -->
    insert into shoppingcart (uid, rid, arrival_date, 
      depature_date, number, checked
      )
    values (#{uid,jdbcType=BIGINT}, #{rid,jdbcType=INTEGER}, #{arrivalDate,jdbcType=TIMESTAMP}, 
      #{depatureDate,jdbcType=TIMESTAMP}, #{number,jdbcType=INTEGER}, #{checked,jdbcType=BIT}
      )
  </insert>
  <insert id="insertSelective" keyColumn="id" keyProperty="id" parameterType="pers.qyj.graduationpr.pojo.ShoppingCart" useGeneratedKeys="true">
    <!--
      WARNING - @mbg.generated
      This element is automatically generated by MyBatis Generator, do not modify.
    -->
    insert into shoppingcart
    <trim prefix="(" suffix=")" suffixOverrides=",">
      <if test="uid != null">
        uid,
      </if>
      <if test="rid != null">
        rid,
      </if>
      <if test="arrivalDate != null">
        arrival_date,
      </if>
      <if test="depatureDate != null">
        depature_date,
      </if>
      <if test="number != null">
        number,
      </if>
      <if test="checked != null">
        checked,
      </if>
    </trim>
    <trim prefix="values (" suffix=")" suffixOverrides=",">
      <if test="uid != null">
        #{uid,jdbcType=BIGINT},
      </if>
      <if test="rid != null">
        #{rid,jdbcType=INTEGER},
      </if>
      <if test="arrivalDate != null">
        #{arrivalDate,jdbcType=TIMESTAMP},
      </if>
      <if test="depatureDate != null">
        #{depatureDate,jdbcType=TIMESTAMP},
      </if>
      <if test="number != null">
        #{number,jdbcType=INTEGER},
      </if>
      <if test="checked != null">
        #{checked,jdbcType=BIT},
      </if>
    </trim>
  </insert>
  <update id="updateByPrimaryKeySelective" parameterType="pers.qyj.graduationpr.pojo.ShoppingCart">
    <!--
      WARNING - @mbg.generated
      This element is automatically generated by MyBatis Generator, do not modify.
    -->
    update shoppingcart
    <set>
      <if test="uid != null">
        uid = #{uid,jdbcType=BIGINT},
      </if>
      <if test="rid != null">
        rid = #{rid,jdbcType=INTEGER},
      </if>
      <if test="arrivalDate != null">
        arrival_date = #{arrivalDate,jdbcType=TIMESTAMP},
      </if>
      <if test="depatureDate != null">
        depature_date = #{depatureDate,jdbcType=TIMESTAMP},
      </if>
      <if test="number != null">
        number = #{number,jdbcType=INTEGER},
      </if>
      <if test="checked != null">
        checked = #{checked,jdbcType=BIT},
      </if>
    </set>
    where id = #{id,jdbcType=INTEGER}
  </update>
  <update id="updateByPrimaryKey" parameterType="pers.qyj.graduationpr.pojo.ShoppingCart">
    <!--
      WARNING - @mbg.generated
      This element is automatically generated by MyBatis Generator, do not modify.
    -->
    update shoppingcart
    set uid = #{uid,jdbcType=BIGINT},
      rid = #{rid,jdbcType=INTEGER},
      arrival_date = #{arrivalDate,jdbcType=TIMESTAMP},
      depature_date = #{depatureDate,jdbcType=TIMESTAMP},
      number = #{number,jdbcType=INTEGER},
      checked = #{checked,jdbcType=BIT}
    where id = #{id,jdbcType=INTEGER}
  </update>
</mapper>