<?xml version="1.0" encoding="UTF-8"?>
<!DOCTYPE mapper PUBLIC "-//mybatis.org//DTD Mapper 3.0//EN" "http://mybatis.org/dtd/mybatis-3-mapper.dtd">
<mapper namespace="pers.qyj.graduationpr.mapper.SignMapper">
  <resultMap id="BaseResultMap" type="pers.qyj.graduationpr.pojo.Sign">
    <!--
      WARNING - @mbg.generated
      This element is automatically generated by MyBatis Generator, do not modify.
    -->
    <id column="id" jdbcType="INTEGER" property="id" />
    <result column="sign" jdbcType="VARCHAR" property="sign" />
    <result column="oid" jdbcType="INTEGER" property="oid" />
    <result column="reid" jdbcType="INTEGER" property="reid" />
    <result column="arrival_date" jdbcType="TIMESTAMP" property="arrivalDate" />
    <result column="depature_date" jdbcType="TIMESTAMP" property="depatureDate" />
    <result column="status" jdbcType="INTEGER" property="status" />
  </resultMap>
  <sql id="Example_Where_Clause">
    <!--
      WARNING - @mbg.generated
      This element is automatically generated by MyBatis Generator, do not modify.
    -->
    <where>
      <foreach collection="oredCriteria" item="criteria" separator="or">
        <if test="criteria.valid">
          <trim prefix="(" prefixOverrides="and" suffix=")">
            <foreach collection="criteria.criteria" item="criterion">
              <choose>
                <when test="criterion.noValue">
                  and ${criterion.condition}
                </when>
                <when test="criterion.singleValue">
                  and ${criterion.condition} #{criterion.value}
                </when>
                <when test="criterion.betweenValue">
                  and ${criterion.condition} #{criterion.value} and #{criterion.secondValue}
                </when>
                <when test="criterion.listValue">
                  and ${criterion.condition}
                  <foreach close=")" collection="criterion.value" item="listItem" open="(" separator=",">
                    #{listItem}
                  </foreach>
                </when>
              </choose>
            </foreach>
          </trim>
        </if>
      </foreach>
    </where>
  </sql>
  <sql id="Base_Column_List">
    <!--
      WARNING - @mbg.generated
      This element is automatically generated by MyBatis Generator, do not modify.
    -->
    id, sign, oid, reid, arrival_date, depature_date, status
  </sql>
  <select id="selectByExample" parameterType="pers.qyj.graduationpr.pojo.SignExample" resultMap="BaseResultMap">
    <!--
      WARNING - @mbg.generated
      This element is automatically generated by MyBatis Generator, do not modify.
    -->
    select
    <if test="distinct">
      distinct
    </if>
    'false' as QUERYID,
    <include refid="Base_Column_List" />
    from signs
    <if test="_parameter != null">
      <include refid="Example_Where_Clause" />
    </if>
    <if test="orderByClause != null">
      order by ${orderByClause}
    </if>
  </select>
  <select id="selectByPrimaryKey" parameterType="java.lang.Integer" resultMap="BaseResultMap">
    <!--
      WARNING - @mbg.generated
      This element is automatically generated by MyBatis Generator, do not modify.
    -->
    select 
    <include refid="Base_Column_List" />
    from signs
    where id = #{id,jdbcType=INTEGER}
  </select>
  <delete id="deleteByPrimaryKey" parameterType="java.lang.Integer">
    <!--
      WARNING - @mbg.generated
      This element is automatically generated by MyBatis Generator, do not modify.
    -->
    delete from signs
    where id = #{id,jdbcType=INTEGER}
  </delete>
  <insert id="insert" keyColumn="id" keyProperty="id" parameterType="pers.qyj.graduationpr.pojo.Sign" useGeneratedKeys="true">
    <!--
      WARNING - @mbg.generated
      This element is automatically generated by MyBatis Generator, do not modify.
    -->
    insert into signs (sign, oid, reid, 
      arrival_date, depature_date, status
      )
    values (#{sign,jdbcType=VARCHAR}, #{oid,jdbcType=INTEGER}, #{reid,jdbcType=INTEGER}, 
      #{arrivalDate,jdbcType=TIMESTAMP}, #{depatureDate,jdbcType=TIMESTAMP}, #{status,jdbcType=INTEGER}
      )
  </insert>
  <insert id="insertSelective" keyColumn="id" keyProperty="id" parameterType="pers.qyj.graduationpr.pojo.Sign" useGeneratedKeys="true">
    <!--
      WARNING - @mbg.generated
      This element is automatically generated by MyBatis Generator, do not modify.
    -->
    insert into signs
    <trim prefix="(" suffix=")" suffixOverrides=",">
      <if test="sign != null">
        sign,
      </if>
      <if test="oid != null">
        oid,
      </if>
      <if test="reid != null">
        reid,
      </if>
      <if test="arrivalDate != null">
        arrival_date,
      </if>
      <if test="depatureDate != null">
        depature_date,
      </if>
      <if test="status != null">
        status,
      </if>
    </trim>
    <trim prefix="values (" suffix=")" suffixOverrides=",">
      <if test="sign != null">
        #{sign,jdbcType=VARCHAR},
      </if>
      <if test="oid != null">
        #{oid,jdbcType=INTEGER},
      </if>
      <if test="reid != null">
        #{reid,jdbcType=INTEGER},
      </if>
      <if test="arrivalDate != null">
        #{arrivalDate,jdbcType=TIMESTAMP},
      </if>
      <if test="depatureDate != null">
        #{depatureDate,jdbcType=TIMESTAMP},
      </if>
      <if test="status != null">
        #{status,jdbcType=INTEGER},
      </if>
    </trim>
  </insert>
  <update id="updateByPrimaryKeySelective" parameterType="pers.qyj.graduationpr.pojo.Sign">
    <!--
      WARNING - @mbg.generated
      This element is automatically generated by MyBatis Generator, do not modify.
    -->
    update signs
    <set>
      <if test="sign != null">
        sign = #{sign,jdbcType=VARCHAR},
      </if>
      <if test="oid != null">
        oid = #{oid,jdbcType=INTEGER},
      </if>
      <if test="reid != null">
        reid = #{reid,jdbcType=INTEGER},
      </if>
      <if test="arrivalDate != null">
        arrival_date = #{arrivalDate,jdbcType=TIMESTAMP},
      </if>
      <if test="depatureDate != null">
        depature_date = #{depatureDate,jdbcType=TIMESTAMP},
      </if>
      <if test="status != null">
        status = #{status,jdbcType=INTEGER},
      </if>
    </set>
    where id = #{id,jdbcType=INTEGER}
  </update>
  <update id="updateByPrimaryKey" parameterType="pers.qyj.graduationpr.pojo.Sign">
    <!--
      WARNING - @mbg.generated
      This element is automatically generated by MyBatis Generator, do not modify.
    -->
    update signs
    set sign = #{sign,jdbcType=VARCHAR},
      oid = #{oid,jdbcType=INTEGER},
      reid = #{reid,jdbcType=INTEGER},
      arrival_date = #{arrivalDate,jdbcType=TIMESTAMP},
      depature_date = #{depatureDate,jdbcType=TIMESTAMP},
      status = #{status,jdbcType=INTEGER}
    where id = #{id,jdbcType=INTEGER}
  </update>
</mapper>