<?xml version="1.0" encoding="UTF-8"?>
<!DOCTYPE mapper PUBLIC "-//mybatis.org//DTD Mapper 3.0//EN" "http://mybatis.org/dtd/mybatis-3-mapper.dtd">
<mapper namespace="pers.qyj.graduationpr.mapper.SignUserMapper">
  <resultMap id="BaseResultMap" type="pers.qyj.graduationpr.pojo.SignUser">
    <!--
      WARNING - @mbg.generated
      This element is automatically generated by MyBatis Generator, do not modify.
    -->
    <id column="id" jdbcType="INTEGER" property="id" />
    <result column="sign" jdbcType="VARCHAR" property="sign" />
    <result column="user_lastname" jdbcType="VARCHAR" property="userLastname" />
    <result column="user_firstname" jdbcType="VARCHAR" property="userFirstname" />
  </resultMap>
  <sql id="Example_Where_Clause">
    <!--
      WARNING - @mbg.generated
      This element is automatically generated by MyBatis Generator, do not modify.
    -->
    <where>
      <foreach collection="oredCriteria" item="criteria" separator="or">
        <if test="criteria.valid">
          <trim prefix="(" prefixOverrides="and" suffix=")">
            <foreach collection="criteria.criteria" item="criterion">
              <choose>
                <when test="criterion.noValue">
                  and ${criterion.condition}
                </when>
                <when test="criterion.singleValue">
                  and ${criterion.condition} #{criterion.value}
                </when>
                <when test="criterion.betweenValue">
                  and ${criterion.condition} #{criterion.value} and #{criterion.secondValue}
                </when>
                <when test="criterion.listValue">
                  and ${criterion.condition}
                  <foreach close=")" collection="criterion.value" item="listItem" open="(" separator=",">
                    #{listItem}
                  </foreach>
                </when>
              </choose>
            </foreach>
          </trim>
        </if>
      </foreach>
    </where>
  </sql>
  <sql id="Base_Column_List">
    <!--
      WARNING - @mbg.generated
      This element is automatically generated by MyBatis Generator, do not modify.
    -->
    id, sign, user_lastname, user_firstname
  </sql>
  <select id="selectByExample" parameterType="pers.qyj.graduationpr.pojo.SignUserExample" resultMap="BaseResultMap">
    <!--
      WARNING - @mbg.generated
      This element is automatically generated by MyBatis Generator, do not modify.
    -->
    select
    <if test="distinct">
      distinct
    </if>
    'false' as QUERYID,
    <include refid="Base_Column_List" />
    from sign_user
    <if test="_parameter != null">
      <include refid="Example_Where_Clause" />
    </if>
    <if test="orderByClause != null">
      order by ${orderByClause}
    </if>
  </select>
  <select id="selectByPrimaryKey" parameterType="java.lang.Integer" resultMap="BaseResultMap">
    <!--
      WARNING - @mbg.generated
      This element is automatically generated by MyBatis Generator, do not modify.
    -->
    select 
    <include refid="Base_Column_List" />
    from sign_user
    where id = #{id,jdbcType=INTEGER}
  </select>
  <delete id="deleteByPrimaryKey" parameterType="java.lang.Integer">
    <!--
      WARNING - @mbg.generated
      This element is automatically generated by MyBatis Generator, do not modify.
    -->
    delete from sign_user
    where id = #{id,jdbcType=INTEGER}
  </delete>
  <insert id="insert" keyColumn="id" keyProperty="id" parameterType="pers.qyj.graduationpr.pojo.SignUser" useGeneratedKeys="true">
    <!--
      WARNING - @mbg.generated
      This element is automatically generated by MyBatis Generator, do not modify.
    -->
    insert into sign_user (sign, user_lastname, user_firstname
      )
    values (#{sign,jdbcType=VARCHAR}, #{userLastname,jdbcType=VARCHAR}, #{userFirstname,jdbcType=VARCHAR}
      )
  </insert>
  <insert id="insertSelective" keyColumn="id" keyProperty="id" parameterType="pers.qyj.graduationpr.pojo.SignUser" useGeneratedKeys="true">
    <!--
      WARNING - @mbg.generated
      This element is automatically generated by MyBatis Generator, do not modify.
    -->
    insert into sign_user
    <trim prefix="(" suffix=")" suffixOverrides=",">
      <if test="sign != null">
        sign,
      </if>
      <if test="userLastname != null">
        user_lastname,
      </if>
      <if test="userFirstname != null">
        user_firstname,
      </if>
    </trim>
    <trim prefix="values (" suffix=")" suffixOverrides=",">
      <if test="sign != null">
        #{sign,jdbcType=VARCHAR},
      </if>
      <if test="userLastname != null">
        #{userLastname,jdbcType=VARCHAR},
      </if>
      <if test="userFirstname != null">
        #{userFirstname,jdbcType=VARCHAR},
      </if>
    </trim>
  </insert>
  <update id="updateByPrimaryKeySelective" parameterType="pers.qyj.graduationpr.pojo.SignUser">
    <!--
      WARNING - @mbg.generated
      This element is automatically generated by MyBatis Generator, do not modify.
    -->
    update sign_user
    <set>
      <if test="sign != null">
        sign = #{sign,jdbcType=VARCHAR},
      </if>
      <if test="userLastname != null">
        user_lastname = #{userLastname,jdbcType=VARCHAR},
      </if>
      <if test="userFirstname != null">
        user_firstname = #{userFirstname,jdbcType=VARCHAR},
      </if>
    </set>
    where id = #{id,jdbcType=INTEGER}
  </update>
  <update id="updateByPrimaryKey" parameterType="pers.qyj.graduationpr.pojo.SignUser">
    <!--
      WARNING - @mbg.generated
      This element is automatically generated by MyBatis Generator, do not modify.
    -->
    update sign_user
    set sign = #{sign,jdbcType=VARCHAR},
      user_lastname = #{userLastname,jdbcType=VARCHAR},
      user_firstname = #{userFirstname,jdbcType=VARCHAR}
    where id = #{id,jdbcType=INTEGER}
  </update>
</mapper>