<?xml version="1.0" encoding="UTF-8"?>
<!DOCTYPE mapper PUBLIC "-//mybatis.org//DTD Mapper 3.0//EN" "http://mybatis.org/dtd/mybatis-3-mapper.dtd">
<mapper namespace="pers.qyj.graduationpr.mapper.UserinformationMapper">
  <resultMap id="BaseResultMap" type="pers.qyj.graduationpr.pojo.Userinformation">
    <!--
      WARNING - @mbg.generated
      This element is automatically generated by MyBatis Generator, do not modify.
    -->
    <id column="ID" jdbcType="BIGINT" property="id" />
    <result column="HEAD_PORTRAIT" jdbcType="CHAR" property="headPortrait" />
    <result column="NAME" jdbcType="CHAR" property="name" />
    <result column="BIRTHDAY" jdbcType="CHAR" property="birthday" />
    <result column="SEX" jdbcType="CHAR" property="sex" />
    <result column="PHONE" jdbcType="CHAR" property="phone" />
    <result column="PREFECTURE" jdbcType="CHAR" property="prefecture" />
    <result column="REAL_NAME" jdbcType="CHAR" property="realName" />
    <result column="ID_CARD" jdbcType="CHAR" property="idCard" />
  </resultMap>
  <sql id="Example_Where_Clause">
    <!--
      WARNING - @mbg.generated
      This element is automatically generated by MyBatis Generator, do not modify.
    -->
    <where>
      <foreach collection="oredCriteria" item="criteria" separator="or">
        <if test="criteria.valid">
          <trim prefix="(" prefixOverrides="and" suffix=")">
            <foreach collection="criteria.criteria" item="criterion">
              <choose>
                <when test="criterion.noValue">
                  and ${criterion.condition}
                </when>
                <when test="criterion.singleValue">
                  and ${criterion.condition} #{criterion.value}
                </when>
                <when test="criterion.betweenValue">
                  and ${criterion.condition} #{criterion.value} and #{criterion.secondValue}
                </when>
                <when test="criterion.listValue">
                  and ${criterion.condition}
                  <foreach close=")" collection="criterion.value" item="listItem" open="(" separator=",">
                    #{listItem}
                  </foreach>
                </when>
              </choose>
            </foreach>
          </trim>
        </if>
      </foreach>
    </where>
  </sql>
  <sql id="Base_Column_List">
    <!--
      WARNING - @mbg.generated
      This element is automatically generated by MyBatis Generator, do not modify.
    -->
    ID, HEAD_PORTRAIT, NAME, BIRTHDAY, SEX, PHONE, PREFECTURE, REAL_NAME, ID_CARD
  </sql>
  <select id="selectByExample" parameterType="pers.qyj.graduationpr.pojo.UserinformationExample" resultMap="BaseResultMap">
    <!--
      WARNING - @mbg.generated
      This element is automatically generated by MyBatis Generator, do not modify.
    -->
    select
    <if test="distinct">
      distinct
    </if>
    'false' as QUERYID,
    <include refid="Base_Column_List" />
    from userinformation
    <if test="_parameter != null">
      <include refid="Example_Where_Clause" />
    </if>
    <if test="orderByClause != null">
      order by ${orderByClause}
    </if>
  </select>
  <select id="selectByPrimaryKey" parameterType="java.lang.Long" resultMap="BaseResultMap">
    <!--
      WARNING - @mbg.generated
      This element is automatically generated by MyBatis Generator, do not modify.
    -->
    select 
    <include refid="Base_Column_List" />
    from userinformation
    where ID = #{id,jdbcType=BIGINT}
  </select>
  <delete id="deleteByPrimaryKey" parameterType="java.lang.Long">
    <!--
      WARNING - @mbg.generated
      This element is automatically generated by MyBatis Generator, do not modify.
    -->
    delete from userinformation
    where ID = #{id,jdbcType=BIGINT}
  </delete>
  <insert id="insert" keyColumn="ID" keyProperty="id" parameterType="pers.qyj.graduationpr.pojo.Userinformation" useGeneratedKeys="true">
    <!--
      WARNING - @mbg.generated
      This element is automatically generated by MyBatis Generator, do not modify.
    -->
    insert into userinformation (HEAD_PORTRAIT, NAME, BIRTHDAY, 
      SEX, PHONE, PREFECTURE, REAL_NAME, 
      ID_CARD)
    values (#{headPortrait,jdbcType=CHAR}, #{name,jdbcType=CHAR}, #{birthday,jdbcType=CHAR}, 
      #{sex,jdbcType=CHAR}, #{phone,jdbcType=CHAR}, #{prefecture,jdbcType=CHAR}, #{realName,jdbcType=CHAR}, 
      #{idCard,jdbcType=CHAR})
  </insert>
  <insert id="insertSelective" keyColumn="ID" keyProperty="id" parameterType="pers.qyj.graduationpr.pojo.Userinformation" useGeneratedKeys="true">
    <!--
      WARNING - @mbg.generated
      This element is automatically generated by MyBatis Generator, do not modify.
    -->
    insert into userinformation
    <trim prefix="(" suffix=")" suffixOverrides=",">
      <if test="headPortrait != null">
        HEAD_PORTRAIT,
      </if>
      <if test="name != null">
        NAME,
      </if>
      <if test="birthday != null">
        BIRTHDAY,
      </if>
      <if test="sex != null">
        SEX,
      </if>
      <if test="phone != null">
        PHONE,
      </if>
      <if test="prefecture != null">
        PREFECTURE,
      </if>
      <if test="realName != null">
        REAL_NAME,
      </if>
      <if test="idCard != null">
        ID_CARD,
      </if>
    </trim>
    <trim prefix="values (" suffix=")" suffixOverrides=",">
      <if test="headPortrait != null">
        #{headPortrait,jdbcType=CHAR},
      </if>
      <if test="name != null">
        #{name,jdbcType=CHAR},
      </if>
      <if test="birthday != null">
        #{birthday,jdbcType=CHAR},
      </if>
      <if test="sex != null">
        #{sex,jdbcType=CHAR},
      </if>
      <if test="phone != null">
        #{phone,jdbcType=CHAR},
      </if>
      <if test="prefecture != null">
        #{prefecture,jdbcType=CHAR},
      </if>
      <if test="realName != null">
        #{realName,jdbcType=CHAR},
      </if>
      <if test="idCard != null">
        #{idCard,jdbcType=CHAR},
      </if>
    </trim>
  </insert>
  <update id="updateByPrimaryKeySelective" parameterType="pers.qyj.graduationpr.pojo.Userinformation">
    <!--
      WARNING - @mbg.generated
      This element is automatically generated by MyBatis Generator, do not modify.
    -->
    update userinformation
    <set>
      <if test="headPortrait != null">
        HEAD_PORTRAIT = #{headPortrait,jdbcType=CHAR},
      </if>
      <if test="name != null">
        NAME = #{name,jdbcType=CHAR},
      </if>
      <if test="birthday != null">
        BIRTHDAY = #{birthday,jdbcType=CHAR},
      </if>
      <if test="sex != null">
        SEX = #{sex,jdbcType=CHAR},
      </if>
      <if test="phone != null">
        PHONE = #{phone,jdbcType=CHAR},
      </if>
      <if test="prefecture != null">
        PREFECTURE = #{prefecture,jdbcType=CHAR},
      </if>
      <if test="realName != null">
        REAL_NAME = #{realName,jdbcType=CHAR},
      </if>
      <if test="idCard != null">
        ID_CARD = #{idCard,jdbcType=CHAR},
      </if>
    </set>
    where ID = #{id,jdbcType=BIGINT}
  </update>
  <update id="updateByPrimaryKey" parameterType="pers.qyj.graduationpr.pojo.Userinformation">
    <!--
      WARNING - @mbg.generated
      This element is automatically generated by MyBatis Generator, do not modify.
    -->
    update userinformation
    set HEAD_PORTRAIT = #{headPortrait,jdbcType=CHAR},
      NAME = #{name,jdbcType=CHAR},
      BIRTHDAY = #{birthday,jdbcType=CHAR},
      SEX = #{sex,jdbcType=CHAR},
      PHONE = #{phone,jdbcType=CHAR},
      PREFECTURE = #{prefecture,jdbcType=CHAR},
      REAL_NAME = #{realName,jdbcType=CHAR},
      ID_CARD = #{idCard,jdbcType=CHAR}
    where ID = #{id,jdbcType=BIGINT}
  </update>
</mapper>