<?xml version="1.0" encoding="UTF-8"?>
<!DOCTYPE generatorConfiguration
  PUBLIC "-//mybatis.org//DTD MyBatis Generator Configuration 1.0//EN"
  "http://mybatis.org/dtd/mybatis-generator-config_1_0.dtd">
<generatorConfiguration>
    <!--数据库驱动-->
    <!--
        如果IDE(eclipse或者idea) 项目里导入了jar包，那么就不需要配置了jar包的绝对路径了
         <classPathEntry    location="e:/project/mybatis/lib/mysql-connector-java-5.0.8-bin.jar"/>
    -->
    <context id="DB2Tables"    targetRuntime="MyBatis3">
        <commentGenerator>
            <property name="suppressDate" value="true"/>
            <property name="suppressAllComments" value="false"/>
        </commentGenerator>
        <!--数据库链接地址账号密码-->
        <jdbcConnection driverClass="com.mysql.jdbc.Driver" connectionURL="jdbc:mysql://localhost/graduationpr" userId="root" password="admin">
        </jdbcConnection>
        <javaTypeResolver>
            <property name="forceBigDecimals" value="false"/>
        </javaTypeResolver>
        <!--生成Model类存放位置-->
        <javaModelGenerator targetPackage="pers.qyj.graduationpr.pojo" targetProject="src">
            <property name="enableSubPackages" value="true"/>
            <property name="trimStrings" value="true"/>
        </javaModelGenerator>
        <!--生成映射文件存放位置-->
        <sqlMapGenerator targetPackage="pers.qyj.graduationpr.mapper" targetProject="src">
            <property name="enableSubPackages" value="true"/>
        </sqlMapGenerator>
        <!--生成Dao类存放位置-->
         
        <javaClientGenerator type="XMLMAPPER" targetPackage="pers.qyj.graduationpr.mapper" targetProject="src">
            <property name="enableSubPackages" value="true"/>
        </javaClientGenerator>
        <!--生成对应表及类名-->
        <table tableName="userinformation" domainObjectName="Userinformation" enableCountByExample="false" enableUpdateByExample="false" enableDeleteByExample="false" enableSelectByExample="true" selectByExampleQueryId="false">
            <property name="my.isgen.usekeys" value="true"/>
            <generatedKey column="id" sqlStatement="JDBC"/>       
        </table>
	</context>
</generatorConfiguration>